threads,time
1,36.2910343129038
2,35.89112751247646
3,33.413009643818114
4,33.1684774839364
5,32.8532048037165
6,30.86168955560317
7,28.574160995213028
8,28.239922929047747
9,26.12549812179152
10,26.430036889443805
11,26.438329486231137
12,27.717053836344757
13,27.840998439963563
14,27.89041286612894
15,28.13487261740655
16,28.780588906781457
17,29.852034490797394
18,30.50070942752221
19,32.41721683425848
20,32.60012711454473